CustomerID,Age,Gender,Annual_Income,Spending_Score,Website_Visits,Product_Category,Last_Purchase_Days,Is_Premium_Member,Purchase_Amount,Made_Purchase
CUST1000,56.0,Female,43615.0,57,5,Books,27,0,302.9,1
CUST1001,69.0,Male,55253.0,60,4,Groceries,25,0,390.89,1
CUST1002,46.0,Male,78196.0,54,3,Fashion,26,0,146.54,0
CUST1003,32.0,Male,62125.0,70,4,Fashion,51,0,359.96,1
CUST1004,60.0,Male,94789.0,57,3,Electronics,48,0,384.27,1
CUST1005,25.0,Male,65899.0,10,11,Books,41,0,155.72,0
CUST1006,38.0,Male,62880.0,40,6,Electronics,20,1,360.29,1
CUST1007,56.0,Male,55363.0,7,5,Groceries,0,0,189.44,0
CUST1008,36.0,Male,62003.0,38,5,Sports,53,0,320.55,1
CUST1009,40.0,Female,57712.0,85,5,Electronics,27,0,449.12,1
CUST1010,,,,61,3,,47,0,239.1,0
CUST1011,28.0,Female,74350.0,84,6,Books,57,1,503.41,1
CUST1012,41.0,Female,48210.0,3,4,Groceries,57,0,52.75,0
CUST1013,53.0,Female,40031.0,51,5,Fashion,14,0,401.45,1
CUST1014,57.0,Male,32456.0,86,3,Sports,54,1,615.28,1
CUST1015,41.0,Female,67619.0,47,7,Books,16,1,349.09,1
CUST1016,20.0,Female,43449.0,68,3,Sports,25,0,422.49,1
CUST1017,39.0,Female,27706.0,92,6,Sports,19,0,477.45,1
CUST1018,19.0,Male,65828.0,76,7,Books,24,0,431.59,1
CUST1019,41.0,Male,97394.0,38,1,Books,12,0,137.47,0
CUST1020,61.0,Male,59908.0,36,6,Sports,32,1,343.01,1
CUST1021,47.0,Male,72577.0,41,4,Groceries,24,0,152.0,0
CUST1022,55.0,Female,61227.0,69,2,Books,7,0,394.92,1
CUST1023,,,,13,2,,4,0,31.06,0
CUST1024,38.0,Male,73786.0,87,5,Electronics,5,0,494.24,1
CUST1025,50.0,Other,55645.0,58,5,Groceries,22,0,227.86,0
CUST1026,29.0,Female,64010.0,50,3,Books,51,1,499.75,1
CUST1027,39.0,Male,64825.0,30,5,Books,29,0,220.38,0
CUST1028,61.0,Male,49978.0,62,11,Groceries,13,0,343.15,1
CUST1029,42.0,Male,74880.0,25,2,Electronics,53,1,416.7,1
CUST1030,,,,27,6,,22,0,86.85,0
CUST1031,44.0,Male,48663.0,51,5,Fashion,10,1,524.26,1
CUST1032,59.0,Male,68047.0,78,3,Books,30,0,413.33,1
CUST1033,45.0,Male,46522.0,57,4,Electronics,5,0,204.03,0
CUST1034,33.0,Male,60422.0,47,10,Fashion,10,0,44.3,0
CUST1035,32.0,Female,59863.0,100,1,Groceries,12,1,530.68,1
CUST1036,64.0,Male,76288.0,39,8,Books,11,0,0.0,0
CUST1037,68.0,Female,67120.0,16,3,Sports,53,0,122.61,0
CUST1038,61.0,Male,59624.0,22,5,Groceries,1,1,277.52,1
CUST1039,,,,85,4,,52,0,433.72,1
CUST1040,20.0,Male,80853.0,54,11,Electronics,34,0,251.96,1
CUST1041,54.0,Male,68367.0,21,3,Fashion,54,0,163.17,0
CUST1042,68.0,Other,60155.0,72,4,Fashion,35,0,421.09,1
CUST1043,24.0,Female,40322.0,16,3,Books,16,0,84.29,0
CUST1044,38.0,Female,44023.0,59,3,Groceries,27,0,305.34,1
CUST1045,26.0,Male,55421.0,31,8,Sports,27,1,369.34,1
CUST1046,56.0,Male,50857.0,42,1,Electronics,21,1,549.18,1
CUST1047,35.0,Female,57195.0,74,5,Books,37,0,169.54,0
CUST1048,21.0,Female,60849.0,32,7,Electronics,6,1,292.95,1
CUST1049,42.0,Female,67945.0,59,3,Fashion,14,0,381.53,1
CUST1050,31.0,Female,58942.0,34,7,Sports,31,0,280.79,1
CUST1051,67.0,Male,67297.0,9,5,Electronics,10,0,87.72,0
CUST1052,26.0,Female,60967.0,81,7,Books,23,0,386.59,1
CUST1053,43.0,Male,30368.0,11,5,Sports,2,1,441.16,1
CUST1054,,,,96,7,,29,0,497.78,1
CUST1055,37.0,Male,57838.0,10,5,Books,5,0,53.08,0
CUST1056,45.0,Female,41854.0,86,4,Electronics,57,0,563.18,1
CUST1057,64.0,Male,68998.0,17,5,Sports,1,0,132.56,0
CUST1058,24.0,Male,82961.0,68,11,Books,13,0,433.98,1
CUST1059,,,,48,7,,40,0,345.7,1
CUST1060,25.0,Male,56798.0,52,6,Sports,17,0,222.75,0
CUST1061,64.0,Female,82360.0,25,3,Sports,50,1,501.77,1
CUST1062,52.0,Male,62230.0,21,0,Electronics,43,0,0.0,0
CUST1063,,,,65,10,,30,0,127.03,0
CUST1064,34.0,Female,50798.0,63,5,Fashion,12,0,246.98,0
CUST1065,53.0,Male,55462.0,89,5,Fashion,25,1,602.66,1
CUST1066,,,,51,3,,43,0,291.26,1
CUST1067,,,,36,4,,11,1,311.06,1
CUST1068,21.0,Male,62408.0,81,2,Sports,17,1,603.81,1
CUST1069,19.0,Other,60045.0,88,2,Books,8,1,619.49,1
CUST1070,,,,66,7,,48,1,730.45,1
CUST1071,59.0,Female,77859.0,15,3,Groceries,20,1,194.5,0
CUST1072,21.0,Male,74243.0,96,1,Groceries,47,0,311.7,1
CUST1073,46.0,Female,37726.0,39,3,Fashion,48,1,506.9,1
CUST1074,35.0,Female,21691.0,70,7,Groceries,52,0,278.6,1
CUST1075,43.0,Female,74014.0,1,5,Groceries,55,1,195.83,0
CUST1076,,,,23,5,,39,0,50.38,0
CUST1077,51.0,Male,56628.0,39,4,Fashion,42,0,268.72,1
CUST1078,27.0,Male,42448.0,57,5,Groceries,23,0,147.57,0
CUST1079,53.0,Female,32970.0,81,5,Books,33,0,125.08,0
CUST1080,31.0,Female,68121.0,34,3,Groceries,7,0,299.57,1
CUST1081,48.0,Other,71387.0,41,3,Sports,43,0,229.75,0
CUST1082,65.0,Male,51352.0,93,6,Sports,52,1,772.26,1
CUST1083,32.0,Female,21134.0,73,6,Sports,32,0,491.22,1
CUST1084,25.0,Female,51806.0,13,4,Electronics,22,0,0.0,0
CUST1085,31.0,Male,65877.0,70,9,Sports,12,1,556.07,1
CUST1086,40.0,Male,37816.0,6,6,Books,53,0,80.54,0
CUST1087,57.0,Female,62750.0,84,5,Electronics,52,0,409.17,1
CUST1088,,,,52,5,,48,0,228.78,0
CUST1089,33.0,Female,68689.0,3,4,Sports,13,1,193.63,0
CUST1090,62.0,Male,61793.0,81,10,Groceries,13,0,513.35,1
CUST1091,35.0,Female,45403.0,63,6,Fashion,15,0,289.1,1
CUST1092,64.0,Male,77948.0,49,2,Groceries,48,0,305.02,1
CUST1093,41.0,Male,57622.0,76,4,Groceries,37,0,414.69,1
CUST1094,43.0,Male,59590.0,47,3,Electronics,57,0,138.58,0
CUST1095,42.0,Female,46000.0,55,2,Electronics,59,1,505.2,1
CUST1096,,,,64,5,,38,1,366.13,1
CUST1097,58.0,Female,46727.0,65,6,Books,25,0,365.14,1
CUST1098,46.0,Male,57405.0,81,5,Books,25,0,494.11,1
CUST1099,32.0,Female,85675.0,67,10,Fashion,0,1,647.14,1
CUST1100,62.0,Male,39421.0,90,5,Electronics,31,0,354.73,1
CUST1101,,,,15,5,,56,0,21.38,0
CUST1102,42.0,Male,82067.0,100,4,Electronics,14,0,528.41,1
CUST1103,24.0,Male,56860.0,32,4,Books,51,0,112.41,0
CUST1104,26.0,Male,49963.0,96,3,Electronics,20,1,487.11,1
CUST1105,41.0,Male,75598.0,68,6,Books,17,0,285.83,1
CUST1106,18.0,Female,50915.0,18,4,Electronics,29,0,118.02,0
CUST1107,,,,83,2,,59,0,521.75,1
CUST1108,25.0,Male,70168.0,43,9,Fashion,57,1,583.92,1
CUST1109,41.0,Female,52681.0,35,5,Sports,12,0,187.49,0
CUST1110,28.0,Male,92359.0,78,9,Books,23,0,446.65,1
CUST1111,68.0,Female,50914.0,58,5,Groceries,29,0,386.08,1
CUST1112,34.0,Female,71131.0,33,5,Sports,1,0,0.0,0
CUST1113,25.0,Female,64489.0,14,1,Electronics,18,0,0.0,0
CUST1114,52.0,Male,79526.0,34,5,Fashion,46,0,180.26,0
CUST1115,52.0,Female,83422.0,61,8,Electronics,43,0,460.59,1
CUST1116,50.0,Female,60480.0,4,6,Electronics,46,0,82.98,0
CUST1117,22.0,Male,48698.0,88,2,Sports,24,1,672.97,1
CUST1118,59.0,Male,66899.0,59,5,Fashion,49,0,272.19,1
CUST1119,56.0,Female,49834.0,29,5,Groceries,13,0,187.68,0
CUST1120,58.0,Female,90200.0,83,4,Electronics,5,0,355.36,1
CUST1121,45.0,Female,62048.0,6,6,Fashion,11,0,0.0,0
CUST1122,24.0,Female,54520.0,97,5,Groceries,19,0,415.71,1
CUST1123,26.0,Female,62770.0,49,6,Electronics,22,1,579.05,1
CUST1124,25.0,Male,39793.0,40,5,Fashion,29,1,315.97,1
CUST1125,29.0,Male,45425.0,83,4,Sports,29,0,375.12,1
CUST1126,51.0,Male,78006.0,65,7,Electronics,37,0,372.1,1
CUST1127,50.0,Female,50146.0,69,5,Electronics,57,0,256.98,1
CUST1128,65.0,Male,44296.0,27,7,Fashion,29,0,157.62,0
CUST1129,40.0,Female,68049.0,80,6,Electronics,40,0,422.58,1
CUST1130,41.0,Female,77785.0,6,4,Groceries,29,0,0.0,0
CUST1131,54.0,Female,70784.0,13,8,Electronics,56,1,239.12,0
CUST1132,52.0,Male,74940.0,64,4,Books,57,0,225.64,0
CUST1133,61.0,Female,48648.0,62,3,Groceries,35,0,448.28,1
CUST1134,57.0,Male,38672.0,99,5,Fashion,48,1,720.76,1
CUST1135,39.0,Female,82520.0,19,10,Groceries,33,0,0.0,0
CUST1136,,,,76,6,,15,0,392.63,1
CUST1137,52.0,Male,56237.0,80,4,Books,23,0,417.16,1
CUST1138,18.0,Female,79922.0,43,3,Electronics,13,0,0.0,0
CUST1139,,,,74,3,,25,1,704.04,1
CUST1140,54.0,Male,66838.0,89,5,Sports,7,1,546.04,1
CUST1141,64.0,Female,92475.0,20,2,Groceries,13,1,509.02,1
CUST1142,31.0,Female,50347.0,95,6,Sports,30,1,754.53,1
CUST1143,20.0,Female,73917.0,68,2,Books,1,0,227.32,0
CUST1144,18.0,Female,60855.0,44,5,Electronics,47,1,388.57,1
CUST1145,22.0,Female,64028.0,23,2,Electronics,3,1,407.26,1
CUST1146,43.0,Male,82927.0,2,6,Electronics,0,0,0.0,0
CUST1147,31.0,Male,67617.0,22,3,Fashion,54,0,227.82,0
CUST1148,56.0,Male,68074.0,57,5,Books,19,0,247.39,0
CUST1149,44.0,Female,76087.0,72,2,Electronics,58,0,352.13,1
CUST1150,26.0,Female,54525.0,7,6,Books,13,0,130.02,0
CUST1151,32.0,Male,47411.0,78,6,Electronics,39,1,650.34,1
CUST1152,32.0,Male,44327.0,56,7,Groceries,24,1,387.48,1
CUST1153,43.0,Female,30504.0,67,6,Books,59,0,378.41,1
CUST1154,59.0,Male,90843.0,16,6,Sports,24,0,96.74,0
CUST1155,30.0,Female,43451.0,83,4,Fashion,2,1,523.83,1
CUST1156,68.0,Female,56681.0,51,4,Sports,4,0,115.95,0
CUST1157,49.0,Female,55847.0,82,7,Books,37,0,216.86,0
CUST1158,56.0,Male,64611.0,80,5,Electronics,53,1,570.56,1
CUST1159,66.0,Female,72236.0,72,5,Books,25,1,554.6,1
CUST1160,69.0,Female,72907.0,97,8,Fashion,39,1,735.46,1
CUST1161,49.0,Female,51253.0,12,4,Books,37,0,142.05,0
CUST1162,21.0,Female,57493.0,53,2,Electronics,37,0,223.61,0
CUST1163,47.0,Female,64238.0,75,3,Sports,3,1,566.69,1
CUST1164,54.0,Female,56269.0,5,4,Groceries,6,0,0.0,0
CUST1165,40.0,Male,84110.0,27,6,Sports,29,1,343.72,1
CUST1166,56.0,Female,67364.0,12,9,Electronics,29,0,156.85,0
CUST1167,62.0,Female,71023.0,17,3,Electronics,55,0,95.11,0
CUST1168,32.0,Male,69943.0,6,5,Fashion,18,0,146.33,0
CUST1169,60.0,Female,77602.0,97,3,Books,38,0,580.18,1
CUST1170,46.0,Female,62715.0,5,2,Books,34,1,370.77,1
CUST1171,53.0,Female,40547.0,57,4,Sports,39,0,297.92,1
CUST1172,30.0,Male,65995.0,28,9,Groceries,32,1,286.76,1
CUST1173,49.0,Male,50229.0,78,4,Groceries,32,1,652.12,1
CUST1174,,,,69,5,,13,0,307.71,1
CUST1175,68.0,Female,68795.0,59,8,Electronics,37,1,553.99,1
CUST1176,39.0,Male,78574.0,33,8,Fashion,9,0,98.72,0
CUST1177,45.0,Female,60319.0,62,5,Books,56,1,427.16,1
CUST1178,19.0,Female,64632.0,50,3,Electronics,27,0,371.64,1
CUST1179,59.0,Female,85533.0,19,9,Fashion,13,0,0.0,0
CUST1180,62.0,Female,63611.0,86,2,Sports,35,0,532.22,1
CUST1181,23.0,Male,99025.0,69,8,Books,37,0,403.6,1
CUST1182,45.0,Male,68482.0,66,7,Groceries,15,1,539.43,1
CUST1183,45.0,Male,33588.0,94,6,Fashion,59,0,280.74,1
CUST1184,61.0,Female,71300.0,47,9,Books,20,0,383.57,1
CUST1185,61.0,Male,65717.0,39,3,Books,27,0,101.52,0
CUST1186,37.0,Male,79346.0,68,6,Groceries,32,1,635.32,1
CUST1187,47.0,Male,70097.0,33,7,Groceries,5,0,95.91,0
CUST1188,28.0,Female,57923.0,13,7,Groceries,40,0,0.0,0
CUST1189,45.0,Female,41635.0,84,5,Fashion,14,0,486.86,1
CUST1190,42.0,Male,56864.0,54,5,Groceries,43,0,323.85,1
CUST1191,56.0,Male,47242.0,7,1,Sports,2,1,120.49,0
CUST1192,50.0,Female,51292.0,79,7,Books,42,1,738.68,1
CUST1193,18.0,Male,68828.0,87,4,Groceries,46,1,614.4,1
CUST1194,44.0,Male,85048.0,14,7,Books,34,0,76.89,0
CUST1195,69.0,Male,65920.0,87,5,Electronics,13,1,605.29,1
CUST1196,30.0,Male,42061.0,19,5,Electronics,1,0,0.0,0
CUST1197,58.0,Male,66669.0,54,3,Groceries,28,1,543.52,1
CUST1198,,,,93,5,,3,0,493.96,1
CUST1199,56.0,Male,50853.0,20,5,Electronics,25,0,19.49,0
CUST1200,23.0,Female,57989.0,29,4,Groceries,50,0,239.41,0
CUST1201,25.0,Male,60220.0,24,3,Books,11,0,125.48,0
CUST1202,44.0,Female,48226.0,82,3,Groceries,1,0,417.64,1
CUST1203,26.0,Female,69724.0,63,5,Books,16,1,692.65,1
CUST1204,54.0,Male,58185.0,74,10,Electronics,34,0,209.2,0
CUST1205,50.0,Female,66292.0,57,2,Groceries,9,1,322.88,1
CUST1206,68.0,Male,46687.0,8,5,Electronics,47,0,0.0,0
CUST1207,59.0,Other,53438.0,90,3,Groceries,21,0,486.36,1
CUST1208,61.0,Male,70835.0,62,4,Fashion,40,1,474.1,1
CUST1209,,,,29,6,,42,0,117.05,0
CUST1210,,,,74,3,,20,0,275.76,1
CUST1211,49.0,Other,54005.0,17,4,Sports,14,1,451.53,1
CUST1212,49.0,Female,63370.0,66,4,Electronics,34,0,530.1,1
CUST1213,41.0,Female,73988.0,6,5,Books,47,0,119.89,0
CUST1214,58.0,Male,38724.0,58,8,Groceries,20,1,339.27,1
CUST1215,69.0,Female,33587.0,69,5,Fashion,20,0,296.31,1
CUST1216,66.0,Male,37115.0,28,6,Books,20,1,422.75,1
CUST1217,66.0,Female,78938.0,62,3,Books,59,0,305.42,1
CUST1218,,,,41,4,,43,0,295.22,1
CUST1219,29.0,Male,98372.0,69,5,Books,31,0,469.78,1
CUST1220,56.0,Male,51536.0,82,6,Fashion,54,1,800.72,1
CUST1221,,,,90,7,,4,0,384.51,1
CUST1222,20.0,Female,83131.0,84,5,Electronics,38,1,628.13,1
CUST1223,66.0,Male,90091.0,41,2,Books,8,0,160.92,0
CUST1224,54.0,Female,90922.0,49,6,Electronics,52,0,44.92,0
CUST1225,66.0,Male,78125.0,91,4,Electronics,17,1,725.16,1
CUST1226,34.0,Female,75360.0,49,2,Books,20,0,301.34,1
CUST1227,66.0,Male,68887.0,76,4,Sports,7,0,325.32,1
CUST1228,19.0,Male,71675.0,71,2,Electronics,43,0,195.19,0
CUST1229,19.0,Female,51732.0,3,3,Groceries,51,0,0.0,0
CUST1230,45.0,Male,47727.0,10,4,Electronics,33,0,123.11,0
CUST1231,40.0,Male,59949.0,98,7,Books,9,0,623.73,1
CUST1232,54.0,Female,57447.0,89,5,Fashion,50,0,373.74,1
CUST1233,49.0,Female,53201.0,35,5,Electronics,40,0,285.77,1
CUST1234,50.0,Male,70445.0,80,7,Sports,56,0,462.25,1
CUST1235,,,,2,9,,23,0,51.32,0
CUST1236,36.0,Female,61326.0,24,7,Groceries,39,1,190.64,0
CUST1237,19.0,Male,82162.0,74,6,Fashion,23,1,444.99,1
CUST1238,61.0,Male,42874.0,38,6,Fashion,55,0,106.92,0
CUST1239,43.0,Male,57095.0,22,9,Electronics,31,0,77.36,0
CUST1240,49.0,Female,49247.0,26,2,Books,55,1,510.07,1
CUST1241,23.0,Female,32001.0,43,3,Sports,32,0,148.78,0
CUST1242,49.0,Male,58759.0,55,9,Groceries,37,0,352.13,1
CUST1243,21.0,Male,58173.0,39,3,Fashion,43,0,148.52,0
CUST1244,28.0,Male,82701.0,91,8,Sports,56,1,702.27,1
CUST1245,34.0,Female,69462.0,29,5,Books,55,0,138.7,0
CUST1246,55.0,Male,44637.0,20,4,Groceries,50,1,317.7,1
CUST1247,41.0,Male,87811.0,91,9,Groceries,58,1,691.96,1
CUST1248,22.0,Female,78315.0,41,2,Books,48,0,180.05,0
CUST1249,69.0,Male,68731.0,54,5,Groceries,33,1,507.45,1
CUST1250,51.0,Female,56602.0,20,10,Books,10,0,223.39,0
CUST1251,23.0,Male,45608.0,19,5,Groceries,30,0,19.59,0
CUST1252,39.0,Male,54416.0,84,4,Electronics,17,0,538.59,1
CUST1253,28.0,Male,76331.0,99,7,Books,22,0,468.48,1
CUST1254,65.0,Female,88268.0,66,3,Sports,59,0,292.9,1
CUST1255,33.0,Female,83148.0,30,6,Electronics,21,0,219.96,0
CUST1256,50.0,Female,52667.0,53,3,Sports,42,0,230.88,0
CUST1257,26.0,Male,43205.0,34,3,Groceries,17,0,201.92,0
CUST1258,23.0,Female,62113.0,22,4,Sports,39,0,132.57,0
CUST1259,33.0,Male,33473.0,67,1,Electronics,46,1,326.65,1
CUST1260,46.0,Male,64847.0,6,2,Books,40,0,71.76,0
CUST1261,,,,79,4,,46,0,250.89,1
CUST1262,37.0,Male,53009.0,27,5,Sports,38,0,0.0,0
CUST1263,53.0,Male,36079.0,10,8,Fashion,19,0,86.65,0
CUST1264,36.0,Male,67704.0,73,7,Sports,12,0,418.66,1
CUST1265,43.0,Male,52009.0,97,7,Sports,44,0,605.5,1
CUST1266,20.0,Male,42451.0,96,2,Books,0,0,371.06,1
CUST1267,36.0,Female,16916.0,48,6,Groceries,51,0,165.87,0
CUST1268,37.0,Male,59587.0,70,8,Electronics,3,1,596.44,1
CUST1269,49.0,Female,86583.0,59,6,Electronics,23,1,617.43,1
CUST1270,24.0,Female,84918.0,100,4,Electronics,35,0,519.22,1
CUST1271,69.0,Male,53143.0,59,4,Groceries,35,1,407.2,1
CUST1272,58.0,Male,50966.0,2,4,Fashion,44,0,160.64,0
CUST1273,50.0,Male,67031.0,29,1,Electronics,1,0,118.76,0
CUST1274,57.0,Female,45024.0,68,6,Fashion,27,1,516.88,1
CUST1275,,,,65,8,,25,0,181.42,0
CUST1276,35.0,Female,71491.0,83,7,Groceries,22,0,487.41,1
CUST1277,,,,26,7,,14,0,215.26,0
CUST1278,18.0,Female,58497.0,89,6,Electronics,35,0,374.42,1
CUST1279,28.0,Male,56944.0,10,6,Books,26,0,225.12,0
CUST1280,,,,53,4,,5,0,206.29,0
CUST1281,42.0,Female,47596.0,79,3,Groceries,34,0,457.53,1
CUST1282,67.0,Female,56602.0,59,6,Groceries,38,0,317.36,1
CUST1283,40.0,Male,65510.0,22,3,Sports,37,1,107.44,0
CUST1284,48.0,Female,73703.0,51,10,Sports,34,0,309.39,1
CUST1285,47.0,Female,47952.0,48,5,Groceries,35,1,485.41,1
CUST1286,59.0,Female,82390.0,21,6,Groceries,9,0,0.0,0
CUST1287,52.0,Female,55933.0,22,6,Fashion,29,1,462.53,1
CUST1288,24.0,Male,59679.0,100,4,Fashion,52,1,745.82,1
CUST1289,,,,98,6,,40,0,613.94,1
CUST1290,43.0,Male,23636.0,30,5,Sports,37,0,0.0,0
CUST1291,65.0,Female,73260.0,25,3,Sports,28,0,83.96,0
CUST1292,,,,28,2,,51,1,458.06,1
CUST1293,66.0,Male,55780.0,65,3,Groceries,58,0,168.17,0
CUST1294,19.0,Male,61004.0,45,2,Books,42,0,186.89,0
CUST1295,18.0,Female,67739.0,68,8,Sports,38,0,380.65,1
CUST1296,,,,7,7,,49,1,45.54,0
CUST1297,29.0,Female,52064.0,49,4,Electronics,3,0,112.86,0
CUST1298,22.0,Male,71913.0,9,3,Books,4,0,183.21,0
CUST1299,,,,36,3,,3,0,185.98,0
CUST1300,49.0,Male,64403.0,83,6,Fashion,35,1,732.67,1
CUST1301,26.0,Female,39651.0,1,5,Fashion,58,0,23.21,0
CUST1302,58.0,Male,66996.0,10,1,Electronics,44,0,295.59,1
CUST1303,52.0,Female,59465.0,36,8,Books,15,0,223.87,0
CUST1304,36.0,Male,35773.0,73,9,Electronics,24,0,491.98,1
CUST1305,65.0,Female,77471.0,46,4,Books,13,1,405.39,1
CUST1306,33.0,Female,48981.0,32,7,Books,10,0,181.07,0
CUST1307,,,,32,3,,28,0,224.19,0
CUST1308,37.0,Male,63008.0,6,7,Sports,33,1,310.78,1
CUST1309,41.0,Male,77229.0,48,5,Sports,21,1,436.1,1
CUST1310,50.0,Male,44762.0,38,6,Fashion,13,0,190.27,0
CUST1311,41.0,Female,60925.0,17,8,Groceries,55,0,135.19,0
CUST1312,,,,74,2,,23,1,620.13,1
CUST1313,28.0,Female,70396.0,27,4,Books,58,0,32.49,0
CUST1314,66.0,Female,62646.0,54,9,Books,38,1,492.5,1
CUST1315,25.0,Female,54494.0,50,4,Electronics,25,1,482.08,1
CUST1316,53.0,Male,47586.0,35,4,Electronics,42,0,77.37,0
CUST1317,55.0,Female,61292.0,85,3,Books,35,1,715.59,1
CUST1318,,,,25,4,,38,0,166.27,0
CUST1319,,,,28,4,,15,0,373.06,1
CUST1320,52.0,Female,66548.0,15,6,Sports,57,0,72.4,0
CUST1321,65.0,Male,73559.0,4,7,Fashion,37,1,333.61,1
CUST1322,42.0,Male,24556.0,93,3,Electronics,58,0,518.91,1
CUST1323,52.0,Female,44854.0,73,6,Sports,31,0,557.14,1
CUST1324,42.0,Male,69287.0,27,8,Sports,5,1,238.0,0
CUST1325,46.0,Female,90862.0,26,7,Sports,33,0,80.47,0
CUST1326,35.0,Male,60311.0,19,3,Groceries,55,0,1.43,0
CUST1327,,,,92,4,,7,1,652.21,1
CUST1328,,,,17,6,,29,1,172.53,0
CUST1329,19.0,Male,80623.0,43,8,Books,26,1,262.39,1
CUST1330,52.0,Female,50310.0,41,3,Groceries,6,1,191.66,0
CUST1331,33.0,Male,48012.0,42,4,Electronics,26,0,0.0,0
CUST1332,58.0,Female,52758.0,50,3,Groceries,24,0,315.64,1
CUST1333,53.0,Male,45700.0,84,8,Books,55,0,374.46,1
CUST1334,50.0,Female,61840.0,40,1,Fashion,45,0,76.62,0
CUST1335,21.0,Female,84370.0,39,3,Groceries,40,0,129.09,0
CUST1336,50.0,Female,64846.0,23,7,Sports,14,1,262.21,1
CUST1337,31.0,Male,56214.0,96,5,Sports,24,0,383.54,1
CUST1338,38.0,Male,55622.0,52,9,Sports,21,0,420.56,1
CUST1339,65.0,Male,36552.0,47,5,Fashion,17,0,376.68,1
CUST1340,37.0,Female,73246.0,63,4,Books,11,0,473.85,1
CUST1341,25.0,Male,58832.0,97,5,Electronics,22,0,502.92,1
CUST1342,24.0,Female,57292.0,69,7,Books,50,0,373.05,1
CUST1343,20.0,Female,107896.0,43,3,Fashion,44,0,149.74,0
CUST1344,34.0,Male,64481.0,48,6,Sports,38,0,155.29,0
CUST1345,50.0,Female,48723.0,34,7,Books,24,1,372.17,1
CUST1346,,,,40,4,,9,1,465.24,1
CUST1347,29.0,Male,77226.0,75,4,Sports,29,0,494.58,1
CUST1348,68.0,Female,61699.0,61,4,Electronics,9,1,450.4,1
CUST1349,39.0,Female,38425.0,50,3,Groceries,33,0,124.73,0
CUST1350,39.0,Female,73788.0,67,4,Electronics,45,0,408.4,1
CUST1351,63.0,Male,49977.0,62,2,Sports,12,0,128.19,0
CUST1352,47.0,Male,88099.0,58,7,Groceries,53,0,286.08,1
CUST1353,55.0,Female,76200.0,33,6,Sports,28,1,373.93,1
CUST1354,55.0,Female,53290.0,75,7,Sports,37,0,337.12,1
CUST1355,62.0,Female,79215.0,16,5,Groceries,40,1,125.48,0
CUST1356,68.0,Male,61017.0,82,4,Electronics,44,0,373.44,1
CUST1357,25.0,Female,72791.0,94,5,Fashion,8,0,634.25,1
CUST1358,44.0,Male,67270.0,48,4,Fashion,12,1,499.17,1
CUST1359,44.0,Male,47304.0,10,7,Fashion,36,0,166.17,0
CUST1360,51.0,Female,50346.0,82,5,Fashion,13,0,288.28,1
CUST1361,38.0,Male,75449.0,38,6,Books,36,0,215.57,0
CUST1362,47.0,Female,54978.0,19,5,Fashion,8,0,103.83,0
CUST1363,50.0,Male,53945.0,36,2,Groceries,7,0,190.77,0
CUST1364,45.0,Male,45673.0,59,4,Fashion,38,0,350.58,1
CUST1365,64.0,Female,66353.0,63,4,Sports,39,0,329.73,1
CUST1366,50.0,Female,90937.0,77,6,Fashion,53,0,266.05,1
CUST1367,22.0,Female,43987.0,46,11,Electronics,2,0,291.33,1
CUST1368,65.0,Female,60363.0,3,6,Groceries,54,0,99.09,0
CUST1369,36.0,Female,81183.0,74,8,Groceries,55,0,501.95,1
CUST1370,,,,65,5,,46,0,461.37,1
CUST1371,,,,91,3,,39,0,502.64,1
CUST1372,66.0,Male,44064.0,8,5,Groceries,32,0,0.0,0
CUST1373,34.0,Female,66424.0,51,1,Electronics,31,0,102.06,0
CUST1374,61.0,Male,57192.0,81,8,Fashion,6,0,382.29,1
CUST1375,45.0,Other,74785.0,73,6,Groceries,18,0,456.95,1
CUST1376,47.0,Female,77810.0,6,4,Electronics,33,0,115.5,0
CUST1377,46.0,Male,98843.0,89,7,Fashion,13,0,472.4,1
CUST1378,63.0,Female,68694.0,39,1,Books,49,0,191.34,0
CUST1379,23.0,Female,64886.0,60,7,Groceries,46,0,490.37,1
CUST1380,52.0,Male,62915.0,28,3,Groceries,45,0,197.4,0
CUST1381,58.0,Female,54702.0,97,9,Electronics,55,0,476.27,1
CUST1382,,,,54,4,,56,0,205.46,0
CUST1383,41.0,Male,55568.0,37,2,Books,18,0,84.14,0
CUST1384,46.0,Female,62526.0,9,4,Sports,50,1,134.29,0
CUST1385,66.0,Male,79763.0,82,6,Groceries,53,0,309.15,1
CUST1386,63.0,Female,44901.0,56,2,Sports,58,1,508.1,1
CUST1387,48.0,Other,77098.0,59,1,Fashion,25,1,493.19,1
CUST1388,52.0,Female,79756.0,85,7,Books,16,0,392.41,1
CUST1389,50.0,Male,58228.0,2,7,Sports,53,0,83.65,0
CUST1390,69.0,Female,28172.0,61,6,Fashion,27,0,485.92,1
CUST1391,38.0,Female,50882.0,58,8,Electronics,18,0,207.67,0
CUST1392,49.0,Male,79454.0,60,7,Sports,26,0,232.57,0
CUST1393,40.0,Female,59656.0,40,5,Books,47,1,178.29,0
CUST1394,50.0,Male,45010.0,36,6,Fashion,51,1,377.37,1
CUST1395,20.0,Female,52428.0,37,6,Sports,56,0,172.24,0
CUST1396,35.0,Male,72609.0,79,7,Electronics,18,0,484.28,1
CUST1397,42.0,Male,68201.0,92,6,Sports,32,0,451.32,1
CUST1398,59.0,Male,56416.0,18,3,Fashion,50,1,231.19,0
CUST1399,48.0,Female,54497.0,98,3,Sports,6,1,709.27,1
CUST1400,20.0,Male,54123.0,63,1,Books,28,1,570.71,1
CUST1401,57.0,Female,46163.0,22,5,Groceries,54,0,0.0,0
CUST1402,63.0,Male,84230.0,11,3,Fashion,42,0,155.69,0
CUST1403,41.0,Male,55165.0,58,9,Fashion,4,0,420.63,1
CUST1404,67.0,Female,78257.0,57,8,Fashion,29,0,339.75,1
CUST1405,49.0,Female,82819.0,77,4,Fashion,48,1,491.54,1
CUST1406,64.0,Male,74974.0,4,2,Sports,42,1,187.4,0
CUST1407,39.0,Female,53525.0,86,3,Books,55,0,548.29,1
CUST1408,40.0,Female,66055.0,7,2,Electronics,57,0,0.0,0
CUST1409,19.0,Female,59637.0,61,4,Books,7,0,367.86,1
CUST1410,44.0,Male,46444.0,54,4,Fashion,41,1,464.92,1
CUST1411,,,,88,5,,11,0,456.02,1
CUST1412,19.0,Female,42314.0,68,8,Sports,41,0,256.42,1
CUST1413,43.0,Male,77815.0,92,6,Fashion,12,0,493.07,1
CUST1414,34.0,Female,53030.0,79,3,Sports,25,0,420.91,1
CUST1415,57.0,Female,63017.0,1,5,Fashion,17,1,54.06,0
CUST1416,50.0,Female,64249.0,55,6,Books,41,0,274.56,1
CUST1417,26.0,Female,56116.0,3,3,Groceries,50,0,76.39,0
CUST1418,60.0,Other,68800.0,78,8,Sports,51,0,351.47,1
CUST1419,65.0,Male,52876.0,38,8,Fashion,48,0,0.0,0
CUST1420,56.0,Female,73069.0,1,5,Fashion,19,0,0.0,0
CUST1421,46.0,Male,39810.0,38,4,Sports,15,0,336.65,1
CUST1422,59.0,Male,61895.0,85,2,Electronics,36,0,390.55,1
CUST1423,43.0,Female,89083.0,29,6,Fashion,2,1,487.87,1
CUST1424,52.0,Female,44995.0,5,5,Sports,26,0,0.0,0
CUST1425,67.0,Other,49833.0,74,6,Fashion,14,0,253.9,1
CUST1426,42.0,Female,67708.0,92,7,Electronics,57,0,459.49,1
CUST1427,41.0,Male,62693.0,21,3,Groceries,33,0,22.74,0
CUST1428,30.0,Male,65259.0,71,9,Electronics,44,0,387.99,1
CUST1429,24.0,Female,67337.0,67,2,Books,21,1,497.74,1
CUST1430,53.0,Male,69520.0,47,0,Sports,39,0,382.39,1
CUST1431,62.0,Male,76645.0,84,6,Electronics,22,0,375.83,1
CUST1432,37.0,Male,66147.0,83,4,Groceries,58,0,423.97,1
CUST1433,18.0,Male,56381.0,35,6,Fashion,48,0,234.63,0
CUST1434,25.0,Male,70088.0,68,4,Sports,3,0,435.63,1
CUST1435,63.0,Male,88498.0,69,5,Electronics,50,0,492.96,1
CUST1436,,,,1,2,,53,0,0.0,0
CUST1437,31.0,Male,45382.0,68,5,Electronics,56,0,300.07,1
CUST1438,29.0,Other,76606.0,12,4,Books,40,0,0.0,0
CUST1439,,,,60,3,,22,0,504.17,1
CUST1440,40.0,Male,27409.0,27,5,Fashion,46,0,171.1,0
CUST1441,32.0,Female,72711.0,56,3,Groceries,59,0,355.18,1
CUST1442,45.0,Male,51970.0,23,3,Electronics,8,0,170.57,0
CUST1443,51.0,Female,58642.0,25,4,Sports,23,1,329.95,1
CUST1444,19.0,Female,64979.0,21,8,Electronics,20,0,140.04,0
CUST1445,49.0,Male,62857.0,61,5,Sports,40,0,249.03,0
CUST1446,40.0,Male,70641.0,63,4,Books,45,0,284.79,1
CUST1447,39.0,Female,53467.0,52,4,Electronics,54,1,364.98,1
CUST1448,68.0,Female,67696.0,88,4,Books,52,1,795.72,1
CUST1449,42.0,Male,56106.0,25,4,Groceries,15,0,181.15,0
CUST1450,39.0,Female,71082.0,55,7,Books,55,0,472.62,1
CUST1451,,,,46,8,,54,1,659.64,1
CUST1452,66.0,Other,45968.0,32,7,Groceries,24,0,19.58,0
CUST1453,69.0,Male,76289.0,55,3,Electronics,25,0,373.52,1
CUST1454,59.0,Female,51960.0,96,6,Electronics,48,1,544.2,1
CUST1455,23.0,Female,72120.0,5,6,Sports,44,0,42.74,0
CUST1456,32.0,Female,65509.0,36,4,Fashion,8,0,211.47,0
CUST1457,60.0,Female,87572.0,49,6,Fashion,14,1,316.28,1
CUST1458,54.0,Male,56648.0,58,9,Electronics,38,0,216.25,0
CUST1459,50.0,Male,54760.0,39,6,Sports,32,0,231.04,0
CUST1460,25.0,Male,59708.0,80,4,Fashion,0,0,417.63,1
CUST1461,61.0,Male,55452.0,97,6,Books,4,0,383.16,1
CUST1462,61.0,Female,71999.0,85,7,Electronics,55,0,355.2,1
CUST1463,22.0,Male,35755.0,61,4,Books,8,0,155.86,0
CUST1464,56.0,Male,44194.0,9,3,Sports,43,0,0.0,0
CUST1465,21.0,Other,43982.0,6,4,Books,5,1,192.86,0
CUST1466,23.0,Female,74254.0,35,5,Fashion,27,0,273.75,1
CUST1467,62.0,Female,85659.0,39,3,Fashion,44,1,506.42,1
CUST1468,49.0,Other,58433.0,22,5,Groceries,25,1,493.34,1
CUST1469,69.0,Male,57467.0,41,3,Electronics,27,0,247.43,0
CUST1470,47.0,Male,61050.0,5,5,Sports,39,0,43.83,0
CUST1471,64.0,Female,77428.0,42,5,Electronics,14,1,459.51,1
CUST1472,52.0,Female,46089.0,87,5,Books,5,0,483.56,1
CUST1473,57.0,Male,63575.0,81,6,Sports,26,0,243.35,0
CUST1474,69.0,Female,74627.0,76,6,Sports,37,0,568.89,1
CUST1475,33.0,Male,67516.0,87,6,Fashion,3,1,441.91,1
CUST1476,30.0,Male,62843.0,80,5,Books,10,0,514.88,1
CUST1477,67.0,Female,75015.0,67,7,Fashion,20,0,340.64,1
CUST1478,59.0,Female,19451.0,30,3,Fashion,29,0,41.05,0
CUST1479,47.0,Female,70168.0,57,5,Groceries,17,1,538.14,1
CUST1480,36.0,Male,50188.0,86,7,Fashion,34,0,418.19,1
CUST1481,34.0,Female,32540.0,73,2,Electronics,2,0,296.75,1
CUST1482,36.0,Male,67668.0,29,8,Sports,11,0,6.85,0
CUST1483,45.0,Male,80604.0,37,4,Fashion,26,0,38.45,0
CUST1484,43.0,Female,57938.0,87,2,Electronics,52,0,373.91,1
CUST1485,54.0,Female,74293.0,13,5,Books,29,0,26.3,0
CUST1486,43.0,Female,84184.0,32,5,Sports,20,0,38.95,0
CUST1487,40.0,Female,79723.0,46,4,Books,37,1,433.85,1
CUST1488,26.0,Female,84599.0,23,6,Electronics,20,0,8.19,0
CUST1489,29.0,Female,71131.0,45,8,Books,59,0,261.02,1
CUST1490,18.0,Male,61131.0,17,4,Books,37,1,408.14,1
CUST1491,18.0,Male,35970.0,85,3,Books,39,0,453.94,1
CUST1492,64.0,Male,56309.0,66,6,Fashion,14,0,320.62,1
CUST1493,,,,6,4,,17,1,176.51,0
CUST1494,49.0,Female,92564.0,18,2,Fashion,51,0,234.61,0
CUST1495,65.0,Female,57361.0,94,3,Sports,28,0,450.65,1
CUST1496,42.0,Male,61848.0,22,1,Electronics,47,0,359.02,1
CUST1497,57.0,Male,68272.0,33,9,Fashion,37,0,46.7,0
CUST1498,62.0,Female,60654.0,30,5,Books,59,0,178.99,0
CUST1499,,,,81,3,,20,1,746.27,1
CUST1500,33.0,Female,50660.0,32,4,Books,16,0,90.99,0
CUST1501,56.0,Female,62919.0,42,3,Books,40,0,186.39,0
CUST1502,22.0,Female,48862.0,78,4,Groceries,50,0,452.61,1
CUST1503,39.0,Female,40199.0,10,6,Sports,17,1,288.79,1
CUST1504,46.0,Female,50823.0,36,4,Electronics,56,1,435.97,1
CUST1505,20.0,Male,59444.0,34,2,Electronics,54,0,286.03,1
CUST1506,29.0,Female,53560.0,73,6,Fashion,36,1,530.32,1
CUST1507,43.0,Female,49613.0,28,3,Groceries,59,1,483.7,1
CUST1508,33.0,Male,38905.0,11,6,Electronics,37,0,0.0,0
CUST1509,68.0,Female,58753.0,78,2,Sports,11,0,497.74,1
CUST1510,54.0,Female,37429.0,39,8,Books,10,0,309.72,1
CUST1511,39.0,Female,71400.0,47,3,Fashion,47,1,357.55,1
CUST1512,46.0,Female,61236.0,19,6,Sports,51,1,149.94,0
CUST1513,,,,15,4,,48,0,51.78,0
CUST1514,45.0,Female,55361.0,28,5,Groceries,19,0,180.38,0
CUST1515,22.0,Female,48717.0,24,6,Fashion,8,0,86.49,0
CUST1516,64.0,Female,64787.0,72,1,Electronics,0,1,610.19,1
CUST1517,66.0,Female,80106.0,9,5,Fashion,57,1,438.77,1
CUST1518,47.0,Female,31872.0,47,7,Electronics,2,0,98.53,0
CUST1519,63.0,Female,61725.0,33,6,Books,20,0,0.0,0
CUST1520,69.0,Male,57598.0,62,6,Groceries,22,0,303.07,1
CUST1521,,,,97,7,,8,1,616.98,1
CUST1522,,,,19,4,,53,0,46.97,0
CUST1523,33.0,Male,48720.0,67,3,Sports,18,0,461.69,1
CUST1524,43.0,Female,55214.0,74,8,Books,44,1,557.94,1
CUST1525,43.0,Male,48059.0,40,4,Sports,54,0,197.1,0
CUST1526,65.0,Male,76140.0,47,5,Electronics,45,1,391.32,1
CUST1527,,,,65,5,,51,0,321.12,1
CUST1528,56.0,Male,88517.0,29,3,Sports,18,0,171.85,0
CUST1529,53.0,Female,59090.0,50,9,Electronics,22,1,728.46,1
CUST1530,50.0,Female,49373.0,98,8,Sports,26,0,517.97,1
CUST1531,47.0,Female,37294.0,13,6,Books,26,0,181.27,0
CUST1532,54.0,Male,32952.0,1,3,Electronics,38,0,23.64,0
CUST1533,40.0,Male,36237.0,34,5,Books,35,0,0.0,0
CUST1534,27.0,Female,64006.0,93,5,Fashion,11,0,408.29,1
CUST1535,22.0,Other,67630.0,48,5,Electronics,54,1,467.89,1
CUST1536,53.0,Female,36282.0,77,3,Sports,26,1,657.34,1
CUST1537,51.0,Male,73425.0,48,7,Fashion,45,1,461.02,1
CUST1538,69.0,Female,52754.0,49,3,Books,33,0,337.04,1
CUST1539,48.0,Female,62201.0,64,0,Books,32,1,374.0,1
CUST1540,27.0,Female,84183.0,61,6,Sports,27,1,509.88,1
CUST1541,36.0,Male,73452.0,29,6,Fashion,30,0,277.8,1
CUST1542,,,,39,4,,31,0,97.84,0
CUST1543,,,,88,5,,49,0,552.06,1
CUST1544,22.0,Other,27722.0,26,9,Books,19,1,436.89,1
CUST1545,62.0,Male,49212.0,17,5,Electronics,39,0,0.0,0
CUST1546,21.0,Female,56833.0,71,4,Fashion,34,1,588.79,1
CUST1547,33.0,Female,45192.0,13,3,Groceries,30,0,80.88,0
CUST1548,,,,69,6,,57,1,527.36,1
CUST1549,,,,26,2,,30,0,0.0,0
CUST1550,19.0,Female,56627.0,49,6,Sports,37,0,218.69,0
CUST1551,66.0,Male,50249.0,67,6,Sports,21,0,319.37,1
CUST1552,45.0,Male,62529.0,7,6,Fashion,44,0,0.0,0
CUST1553,49.0,Female,66629.0,58,5,Groceries,40,1,359.48,1
CUST1554,44.0,Male,43644.0,49,3,Fashion,8,1,352.3,1
CUST1555,37.0,Female,81163.0,53,4,Electronics,51,0,160.17,0
CUST1556,41.0,Male,58521.0,65,4,Electronics,8,0,357.63,1
CUST1557,29.0,Female,60282.0,62,5,Sports,14,0,401.15,1
CUST1558,67.0,Male,70623.0,17,4,Fashion,12,0,53.95,0
CUST1559,52.0,Female,63498.0,43,4,Sports,21,0,291.63,1
CUST1560,50.0,Other,74297.0,25,5,Groceries,15,1,420.25,1
CUST1561,50.0,Other,64306.0,3,5,Electronics,31,1,206.47,0
CUST1562,68.0,Female,50813.0,79,5,Books,1,0,435.8,1
CUST1563,60.0,Male,65422.0,29,7,Books,25,0,122.67,0
CUST1564,54.0,Female,42844.0,32,3,Fashion,13,0,47.72,0
CUST1565,29.0,Male,61628.0,26,2,Fashion,58,0,55.32,0
CUST1566,20.0,Male,59501.0,16,4,Books,37,0,112.61,0
CUST1567,18.0,Male,56878.0,25,4,Fashion,33,0,112.87,0
CUST1568,50.0,Female,58071.0,54,6,Electronics,7,0,343.72,1
CUST1569,57.0,Female,31772.0,28,3,Groceries,35,0,0.0,0
CUST1570,,,,73,5,,20,0,200.34,0
CUST1571,60.0,Male,61392.0,56,5,Sports,55,0,127.18,0
CUST1572,61.0,Male,62397.0,65,5,Electronics,45,0,341.67,1
CUST1573,46.0,Other,44584.0,93,5,Fashion,42,1,527.19,1
CUST1574,30.0,Male,78985.0,86,3,Fashion,55,1,662.01,1
CUST1575,29.0,Male,47007.0,80,10,Sports,27,1,675.3,1
CUST1576,48.0,Male,74541.0,41,5,Sports,45,0,356.62,1
CUST1577,63.0,Female,66407.0,51,4,Fashion,43,0,395.59,1
CUST1578,,,,71,4,,47,0,285.46,1
CUST1579,68.0,Male,86629.0,78,7,Electronics,5,0,223.04,0
CUST1580,67.0,Male,42095.0,29,3,Sports,19,1,281.81,1
CUST1581,52.0,Female,73787.0,83,6,Electronics,30,0,512.68,1
CUST1582,40.0,Female,75008.0,19,2,Fashion,32,0,56.03,0
CUST1583,34.0,Male,49940.0,66,4,Books,43,0,327.57,1
CUST1584,,,,41,4,,6,0,149.28,0
CUST1585,25.0,Male,56249.0,45,4,Fashion,7,1,583.12,1
CUST1586,46.0,Male,64330.0,15,8,Sports,8,0,0.0,0
CUST1587,43.0,Female,63904.0,3,5,Books,1,0,21.68,0
CUST1588,27.0,Male,57985.0,11,8,Sports,16,0,165.82,0
CUST1589,,,,53,5,,51,1,649.15,1
CUST1590,,,,46,7,,44,0,160.52,0
CUST1591,68.0,Male,33772.0,30,8,Books,36,0,246.08,0
CUST1592,58.0,Other,79565.0,57,3,Sports,41,0,221.77,0
CUST1593,24.0,Male,35062.0,18,4,Electronics,43,1,427.72,1
CUST1594,21.0,Female,75488.0,51,6,Sports,16,0,427.95,1
CUST1595,67.0,Male,76900.0,48,4,Electronics,52,0,151.04,0
CUST1596,62.0,Male,43635.0,66,4,Electronics,37,1,595.35,1
CUST1597,28.0,Male,53837.0,96,6,Fashion,34,1,791.33,1
CUST1598,46.0,Female,43414.0,8,2,Electronics,59,0,10.57,0
CUST1599,53.0,Male,56776.0,22,4,Groceries,46,1,364.77,1
CUST1600,42.0,Female,55379.0,6,2,Electronics,38,0,90.0,0
CUST1601,,,,76,8,,29,1,780.97,1
CUST1602,53.0,Other,79654.0,57,7,Electronics,5,0,87.9,0
CUST1603,27.0,Male,80935.0,36,2,Sports,3,0,174.41,0
CUST1604,,,,79,5,,50,1,469.97,1
CUST1605,26.0,Female,56861.0,92,6,Groceries,36,1,661.38,1
CUST1606,41.0,Female,34748.0,57,7,Electronics,34,0,206.71,0
CUST1607,52.0,Female,47911.0,49,7,Electronics,57,1,419.51,1
CUST1608,66.0,Female,74472.0,45,7,Books,56,0,137.59,0
CUST1609,52.0,Female,84233.0,82,6,Books,8,1,625.54,1
CUST1610,65.0,Male,41484.0,66,5,Fashion,5,0,437.39,1
CUST1611,53.0,Male,51113.0,77,5,Sports,12,0,347.73,1
CUST1612,35.0,Female,59603.0,45,8,Groceries,58,0,368.06,1
CUST1613,66.0,Female,64202.0,79,7,Books,21,0,499.4,1
CUST1614,56.0,Female,47855.0,20,4,Electronics,27,0,303.41,1
CUST1615,49.0,Female,66360.0,64,5,Fashion,29,0,361.14,1
CUST1616,41.0,Male,52892.0,93,8,Groceries,51,0,458.84,1
CUST1617,,,,93,5,,35,1,506.48,1
CUST1618,49.0,Female,68194.0,67,2,Electronics,1,0,256.83,1
CUST1619,54.0,Male,60096.0,83,3,Sports,57,0,394.21,1
CUST1620,29.0,Male,53454.0,3,7,Sports,35,0,6.05,0
CUST1621,,,,54,3,,7,0,504.87,1
CUST1622,30.0,Male,58674.0,78,8,Books,44,0,369.3,1
CUST1623,40.0,Female,54449.0,64,1,Electronics,41,0,143.16,0
CUST1624,42.0,Male,56118.0,40,5,Electronics,49,0,266.46,1
CUST1625,52.0,Female,83979.0,59,3,Books,8,0,355.65,1
CUST1626,,,,55,5,,0,0,229.11,0
CUST1627,47.0,Male,55567.0,62,5,Electronics,12,0,522.77,1
CUST1628,34.0,Male,70454.0,4,2,Groceries,49,1,30.34,0
CUST1629,66.0,Male,54992.0,60,7,Electronics,14,0,424.95,1
CUST1630,37.0,Male,77596.0,75,2,Groceries,31,1,545.89,1
CUST1631,65.0,Male,65544.0,95,4,Groceries,33,0,379.96,1
CUST1632,42.0,Female,58390.0,96,5,Electronics,42,1,920.04,1
CUST1633,39.0,Male,66715.0,91,4,Fashion,30,0,528.67,1
CUST1634,30.0,Female,36436.0,30,4,Books,13,0,120.16,0
CUST1635,36.0,Female,43098.0,2,5,Sports,53,1,178.12,0
CUST1636,,,,62,4,,46,0,337.54,1
CUST1637,53.0,Male,62144.0,49,4,Groceries,13,0,198.8,0
CUST1638,29.0,Female,85987.0,9,5,Electronics,47,0,174.96,0
CUST1639,58.0,Male,93469.0,92,7,Books,54,1,668.77,1
CUST1640,36.0,Male,69570.0,31,6,Groceries,28,0,256.76,1
CUST1641,29.0,Other,67512.0,98,6,Sports,46,0,510.79,1
CUST1642,26.0,Male,32984.0,61,8,Sports,18,1,591.98,1
CUST1643,24.0,Female,51859.0,79,5,Sports,26,0,529.55,1
CUST1644,45.0,Female,48183.0,48,2,Fashion,8,1,608.09,1
CUST1645,31.0,Female,50687.0,25,4,Groceries,36,0,174.09,0
CUST1646,48.0,Female,57477.0,36,6,Groceries,36,1,293.35,1
CUST1647,69.0,Male,52918.0,8,3,Fashion,42,0,22.74,0
CUST1648,36.0,Male,30310.0,73,3,Groceries,27,0,362.39,1
CUST1649,64.0,Female,71218.0,58,5,Fashion,51,0,232.68,0
CUST1650,33.0,Male,43908.0,45,5,Electronics,56,0,150.98,0
CUST1651,22.0,Male,63588.0,62,6,Books,23,0,327.45,1
CUST1652,,,,39,2,,27,0,96.67,0
CUST1653,29.0,Male,46209.0,96,6,Fashion,35,0,362.26,1
CUST1654,42.0,Male,22045.0,58,4,Fashion,51,0,120.56,0
CUST1655,69.0,Male,55709.0,81,3,Fashion,17,0,453.03,1
CUST1656,38.0,Female,76514.0,99,4,Electronics,24,0,529.12,1
CUST1657,53.0,Female,89375.0,83,2,Fashion,34,0,382.53,1
CUST1658,40.0,Female,41556.0,64,6,Books,3,0,419.42,1
CUST1659,33.0,Male,67450.0,44,8,Books,13,0,120.12,0
CUST1660,,,,29,5,,38,0,183.09,0
CUST1661,62.0,Male,58410.0,59,6,Electronics,25,1,500.42,1
CUST1662,,,,71,5,,7,0,280.93,1
CUST1663,56.0,Female,37455.0,92,5,Groceries,23,0,410.75,1
CUST1664,31.0,Male,63806.0,9,6,Groceries,15,0,0.0,0
CUST1665,48.0,Female,67015.0,92,4,Groceries,19,1,685.28,1
CUST1666,22.0,Male,76286.0,6,4,Fashion,14,0,89.34,0
CUST1667,52.0,Female,61469.0,29,5,Fashion,6,1,302.36,1
CUST1668,40.0,Female,64620.0,58,5,Groceries,57,0,218.79,0
CUST1669,46.0,Female,54125.0,17,4,Sports,16,1,298.72,1
CUST1670,60.0,Female,64036.0,16,4,Sports,21,0,0.0,0
CUST1671,28.0,Female,54852.0,87,7,Fashion,21,0,438.44,1
CUST1672,35.0,Male,69323.0,95,5,Groceries,53,0,631.18,1
CUST1673,64.0,Female,54455.0,3,4,Sports,11,1,144.6,0
CUST1674,29.0,Male,65656.0,21,3,Fashion,17,1,287.31,1
CUST1675,26.0,Female,59561.0,64,9,Groceries,55,0,422.46,1
CUST1676,27.0,Female,76890.0,90,6,Electronics,45,0,525.47,1
CUST1677,61.0,Female,59229.0,36,6,Groceries,46,0,186.18,0
CUST1678,,,,86,4,,14,0,424.15,1
CUST1679,,,,62,7,,36,0,186.44,0
CUST1680,24.0,Female,46414.0,42,6,Books,15,0,259.12,1
CUST1681,63.0,Female,50193.0,76,6,Electronics,4,1,445.66,1
CUST1682,30.0,Male,51065.0,42,2,Electronics,1,0,3.48,0
CUST1683,57.0,Male,80616.0,61,6,Groceries,51,0,405.81,1
CUST1684,59.0,Male,27964.0,13,4,Sports,27,0,103.7,0
CUST1685,26.0,Male,107066.0,11,7,Electronics,56,1,342.97,1
CUST1686,67.0,Female,75840.0,54,8,Groceries,40,1,396.35,1
CUST1687,,,,16,6,,53,0,126.64,0
CUST1688,19.0,Other,59176.0,8,3,Books,26,1,196.09,0
CUST1689,22.0,Male,64283.0,59,4,Sports,30,1,462.28,1
CUST1690,46.0,Male,67816.0,57,5,Groceries,40,0,382.38,1
CUST1691,54.0,Female,69678.0,40,3,Fashion,35,0,185.02,0
CUST1692,,,,59,5,,46,1,425.36,1
CUST1693,36.0,Female,61343.0,2,8,Fashion,42,0,0.0,0
CUST1694,25.0,Female,57039.0,94,8,Groceries,0,0,506.07,1
CUST1695,65.0,Female,57730.0,94,5,Electronics,49,0,575.95,1
CUST1696,62.0,Male,57076.0,76,5,Books,28,0,301.69,1
CUST1697,18.0,Other,77006.0,10,8,Fashion,0,1,318.9,1
CUST1698,39.0,Other,68903.0,44,5,Electronics,7,0,125.72,0
CUST1699,69.0,Female,15894.0,11,4,Sports,56,0,129.93,0
CUST1700,34.0,Male,69838.0,79,3,Groceries,15,1,598.29,1
CUST1701,24.0,Female,62921.0,80,7,Groceries,57,0,426.78,1
CUST1702,42.0,Male,59719.0,81,4,Books,27,0,335.26,1
CUST1703,62.0,Male,54172.0,90,4,Fashion,21,1,685.76,1
CUST1704,21.0,Male,76861.0,2,5,Sports,17,0,0.0,0
CUST1705,53.0,Male,74212.0,50,3,Books,21,0,208.63,0
CUST1706,23.0,Female,48406.0,12,5,Books,40,0,0.0,0
CUST1707,48.0,Female,66105.0,90,4,Fashion,11,0,372.78,1
CUST1708,36.0,Female,45425.0,23,6,Sports,18,1,262.45,1
CUST1709,61.0,Male,39305.0,18,5,Fashion,24,0,121.28,0
CUST1710,56.0,Male,50599.0,62,5,Groceries,49,0,369.57,1
CUST1711,44.0,Male,72935.0,96,2,Electronics,58,0,419.21,1
CUST1712,27.0,Other,74296.0,62,5,Groceries,4,0,293.56,1
CUST1713,43.0,Male,67696.0,38,3,Groceries,58,1,558.64,1
CUST1714,,,,67,3,,33,1,548.11,1
CUST1715,56.0,Female,67742.0,38,5,Groceries,38,1,336.31,1
CUST1716,20.0,Male,50377.0,67,4,Sports,58,0,167.04,0
CUST1717,62.0,Female,66478.0,94,3,Groceries,9,1,584.61,1
CUST1718,30.0,Female,72006.0,61,4,Sports,46,0,215.71,0
CUST1719,67.0,Female,71314.0,1,2,Fashion,56,1,402.79,1
CUST1720,45.0,Female,77833.0,94,6,Books,6,1,585.15,1
CUST1721,37.0,Male,70624.0,45,7,Sports,59,0,230.1,0
CUST1722,45.0,Male,65271.0,96,3,Groceries,36,0,517.08,1
CUST1723,25.0,Female,76052.0,28,5,Books,46,0,250.65,1
CUST1724,58.0,Female,59602.0,21,4,Books,51,0,105.8,0
CUST1725,56.0,Male,46771.0,13,6,Sports,59,1,213.97,0
CUST1726,18.0,Female,57553.0,27,6,Sports,51,0,77.35,0
CUST1727,20.0,Female,48826.0,100,2,Electronics,14,0,535.64,1
CUST1728,30.0,Female,49872.0,7,2,Electronics,41,0,0.0,0
CUST1729,45.0,Male,57832.0,22,5,Books,23,1,199.58,0
CUST1730,66.0,Female,48113.0,74,2,Electronics,25,0,318.95,1
CUST1731,42.0,Female,55380.0,53,7,Groceries,25,0,132.55,0
CUST1732,50.0,Male,31595.0,79,4,Fashion,45,0,580.06,1
CUST1733,55.0,Male,63199.0,79,5,Books,25,0,454.66,1
CUST1734,23.0,Other,60018.0,4,7,Fashion,57,0,182.08,0
CUST1735,61.0,Male,47743.0,96,5,Electronics,9,1,728.54,1
CUST1736,62.0,Female,69888.0,23,7,Sports,16,0,267.46,1
CUST1737,,,,70,1,,52,0,386.75,1
CUST1738,62.0,Male,35886.0,88,3,Electronics,13,0,512.62,1
CUST1739,64.0,Female,48559.0,84,4,Groceries,1,0,206.63,0
CUST1740,,,,84,9,,47,0,328.57,1
CUST1741,,,,76,4,,12,0,383.69,1
CUST1742,38.0,Male,72442.0,33,5,Sports,26,0,171.12,0
CUST1743,28.0,Female,57092.0,28,6,Books,8,0,132.36,0
CUST1744,54.0,Male,56032.0,8,6,Sports,6,0,85.3,0
CUST1745,53.0,Male,29942.0,1,3,Electronics,47,1,254.42,1
CUST1746,52.0,Other,69531.0,37,3,Groceries,9,0,271.51,1
CUST1747,36.0,Male,41411.0,63,5,Groceries,55,1,581.9,1
CUST1748,37.0,Female,60898.0,22,7,Books,53,1,430.41,1
CUST1749,35.0,Male,64160.0,70,6,Books,8,0,471.22,1
CUST1750,64.0,Female,80409.0,21,6,Electronics,21,1,322.47,1
CUST1751,58.0,Male,40367.0,96,4,Sports,22,0,688.16,1
CUST1752,66.0,Other,14707.0,35,7,Groceries,6,0,310.93,1
CUST1753,,,,79,4,,47,0,314.3,1
CUST1754,32.0,Male,87007.0,5,8,Electronics,8,0,64.26,0
CUST1755,48.0,Male,78584.0,60,5,Groceries,26,0,115.74,0
CUST1756,18.0,Male,63144.0,46,5,Groceries,23,0,62.58,0
CUST1757,20.0,Female,52625.0,50,4,Fashion,28,0,200.05,0
CUST1758,33.0,Male,72106.0,48,5,Electronics,16,0,152.46,0
CUST1759,40.0,Female,45396.0,6,2,Electronics,19,0,0.0,0
CUST1760,28.0,Male,67145.0,89,3,Fashion,6,0,477.85,1
CUST1761,,,,56,7,,42,0,402.53,1
CUST1762,27.0,Female,75903.0,59,5,Fashion,39,0,412.18,1
CUST1763,49.0,Female,101394.0,29,6,Electronics,6,0,186.32,0
CUST1764,,,,71,7,,27,0,246.29,0
CUST1765,25.0,Male,52365.0,77,2,Groceries,18,1,529.26,1
CUST1766,55.0,Male,59616.0,18,7,Fashion,19,1,353.72,1
CUST1767,29.0,Female,33463.0,2,5,Sports,43,0,0.0,0
CUST1768,41.0,Female,49579.0,8,5,Sports,38,1,113.31,0
CUST1769,45.0,Male,53860.0,75,7,Sports,39,0,424.23,1
CUST1770,25.0,Female,52138.0,97,6,Fashion,6,0,480.16,1
CUST1771,45.0,Female,62285.0,54,5,Groceries,5,1,448.91,1
CUST1772,53.0,Female,47663.0,38,0,Sports,24,0,300.98,1
CUST1773,43.0,Female,76815.0,48,7,Fashion,40,1,548.88,1
CUST1774,25.0,Male,60003.0,27,5,Electronics,58,0,313.11,1
CUST1775,67.0,Male,59860.0,20,5,Fashion,12,0,34.86,0
CUST1776,45.0,Male,55081.0,12,6,Fashion,38,0,102.97,0
CUST1777,45.0,Male,62327.0,43,8,Fashion,39,0,216.9,0
CUST1778,54.0,Female,72376.0,61,4,Sports,21,0,338.83,1
CUST1779,58.0,Female,46993.0,31,6,Fashion,48,0,41.56,0
CUST1780,53.0,Male,50128.0,91,4,Electronics,16,1,514.75,1
CUST1781,44.0,Male,55444.0,96,1,Sports,47,0,475.98,1
CUST1782,34.0,Male,39811.0,61,3,Electronics,21,0,220.75,0
CUST1783,26.0,Female,47711.0,74,4,Books,33,0,463.82,1
CUST1784,50.0,Male,52856.0,67,5,Fashion,7,1,384.93,1
CUST1785,37.0,Female,73115.0,91,4,Sports,48,0,313.18,1
CUST1786,30.0,Male,63938.0,35,5,Sports,44,0,133.33,0
CUST1787,,,,95,2,,17,1,521.19,1
CUST1788,65.0,Other,72763.0,15,2,Groceries,23,0,242.6,0
CUST1789,46.0,Other,57939.0,16,5,Groceries,59,0,61.71,0
CUST1790,30.0,Male,65856.0,13,5,Electronics,53,1,204.72,0
CUST1791,63.0,Female,58451.0,35,5,Fashion,59,1,421.8,1
CUST1792,52.0,Female,63980.0,75,6,Fashion,41,0,463.38,1
CUST1793,23.0,Female,51258.0,59,4,Books,1,0,315.7,1
CUST1794,35.0,Male,23417.0,21,9,Groceries,1,1,298.19,1
CUST1795,68.0,Female,57985.0,54,7,Groceries,26,0,171.65,0
CUST1796,22.0,Female,81341.0,75,2,Fashion,13,1,638.09,1
CUST1797,64.0,Female,73893.0,30,3,Electronics,47,0,291.67,1
CUST1798,42.0,Male,74480.0,48,4,Fashion,38,0,218.03,0
CUST1799,19.0,Male,78541.0,35,6,Electronics,52,0,90.12,0
CUST1800,27.0,Male,61329.0,86,7,Groceries,52,1,648.15,1
CUST1801,47.0,Female,62959.0,38,4,Books,55,1,390.26,1
CUST1802,67.0,Male,50735.0,31,5,Sports,11,0,33.36,0
CUST1803,62.0,Female,55258.0,78,5,Groceries,31,1,539.73,1
CUST1804,22.0,Other,69236.0,24,3,Electronics,27,0,298.85,1
CUST1805,50.0,Male,78058.0,49,3,Fashion,54,0,110.24,0
CUST1806,18.0,Female,57908.0,96,7,Groceries,27,1,610.94,1
CUST1807,35.0,Male,53247.0,100,3,Books,45,1,605.13,1
CUST1808,49.0,Female,60007.0,32,8,Electronics,24,1,273.97,1
CUST1809,64.0,Male,69018.0,55,8,Fashion,3,1,430.45,1
CUST1810,66.0,Female,38342.0,79,5,Sports,25,0,439.84,1
CUST1811,,,,58,5,,35,0,420.86,1
CUST1812,38.0,Female,51741.0,99,3,Fashion,49,1,715.33,1
CUST1813,43.0,Female,41689.0,3,3,Sports,2,0,0.0,0
CUST1814,42.0,Female,52377.0,80,6,Fashion,0,0,553.99,1
CUST1815,39.0,Female,57783.0,69,5,Sports,16,0,138.14,0
CUST1816,44.0,Female,53201.0,85,4,Sports,6,0,492.35,1
CUST1817,66.0,Female,81787.0,10,6,Sports,47,1,147.32,0
CUST1818,30.0,Male,64901.0,83,3,Fashion,4,0,409.91,1
CUST1819,50.0,Female,64507.0,25,12,Sports,18,1,381.31,1
CUST1820,,,,68,1,,38,0,179.46,0
CUST1821,58.0,Female,42917.0,61,6,Books,45,0,319.17,1
CUST1822,52.0,Male,75586.0,29,1,Books,33,0,166.85,0
CUST1823,18.0,Female,58863.0,19,6,Sports,34,0,241.23,0
CUST1824,38.0,Male,70057.0,43,1,Books,48,0,486.51,1
CUST1825,65.0,Female,43922.0,66,4,Books,15,0,174.7,0
CUST1826,,,,74,3,,39,0,511.72,1
CUST1827,45.0,Female,72268.0,61,3,Sports,49,0,301.21,1
CUST1828,34.0,Other,65646.0,43,5,Electronics,46,0,134.14,0
CUST1829,22.0,Male,46469.0,25,5,Groceries,38,0,161.91,0
CUST1830,48.0,Other,46955.0,20,5,Fashion,26,0,0.0,0
CUST1831,22.0,Male,76881.0,48,9,Sports,40,0,115.74,0
CUST1832,55.0,Female,42158.0,83,3,Sports,37,1,441.48,1
CUST1833,20.0,Female,84640.0,87,3,Books,49,0,489.61,1
CUST1834,40.0,Female,46490.0,24,6,Electronics,49,1,352.7,1
CUST1835,54.0,Female,69575.0,11,6,Books,24,1,173.56,0
CUST1836,54.0,Female,55070.0,98,3,Sports,25,0,642.36,1
CUST1837,,,,55,7,,55,1,408.7,1
CUST1838,27.0,Male,51838.0,28,4,Books,13,0,268.3,1
CUST1839,36.0,Female,57558.0,69,1,Sports,13,1,557.21,1
CUST1840,34.0,Female,60613.0,63,7,Groceries,13,1,447.36,1
CUST1841,38.0,Female,44967.0,59,7,Fashion,24,0,283.5,1
CUST1842,31.0,Female,71112.0,5,2,Fashion,35,0,0.0,0
CUST1843,26.0,Male,52301.0,51,5,Fashion,3,0,276.67,1
CUST1844,63.0,Female,56571.0,21,6,Groceries,46,0,108.06,0
CUST1845,18.0,Male,45084.0,12,9,Sports,14,0,112.74,0
CUST1846,68.0,Female,21564.0,50,3,Books,31,0,337.92,1
CUST1847,62.0,Male,57134.0,4,4,Electronics,17,0,31.56,0
CUST1848,30.0,Male,96189.0,42,10,Sports,13,0,62.37,0
CUST1849,21.0,Male,71769.0,84,4,Groceries,57,1,713.24,1
CUST1850,18.0,Male,59711.0,38,4,Groceries,0,1,391.47,1
CUST1851,66.0,Female,56056.0,25,4,Fashion,41,0,0.0,0
CUST1852,57.0,Male,60336.0,14,7,Sports,19,0,100.96,0
CUST1853,49.0,Male,68206.0,75,8,Fashion,9,0,413.51,1
CUST1854,51.0,Male,42287.0,32,6,Electronics,9,0,124.15,0
CUST1855,45.0,Male,76714.0,11,6,Fashion,58,1,235.22,0
CUST1856,48.0,Male,70730.0,61,3,Electronics,23,0,245.47,0
CUST1857,25.0,Male,70772.0,18,5,Groceries,33,0,131.61,0
CUST1858,56.0,Female,66577.0,27,6,Fashion,27,1,349.0,1
CUST1859,,,,55,2,,26,1,384.18,1
CUST1860,51.0,Female,70092.0,54,8,Books,39,0,431.8,1
CUST1861,20.0,Male,68877.0,82,5,Groceries,0,0,343.42,1
CUST1862,67.0,Male,54689.0,87,4,Books,32,0,164.35,0
CUST1863,29.0,Female,51395.0,75,4,Electronics,3,0,327.93,1
CUST1864,18.0,Female,61527.0,21,2,Electronics,6,1,408.09,1
CUST1865,61.0,Male,83235.0,44,5,Groceries,8,0,199.35,0
CUST1866,,,,5,5,,15,0,0.0,0
CUST1867,47.0,Male,37987.0,87,4,Groceries,4,1,532.19,1
CUST1868,47.0,Male,62471.0,41,2,Electronics,33,1,296.9,1
CUST1869,34.0,Male,60763.0,59,4,Sports,59,1,437.47,1
CUST1870,65.0,Female,62600.0,89,4,Fashion,22,0,418.83,1
CUST1871,64.0,Female,63659.0,54,1,Sports,42,0,319.39,1
CUST1872,40.0,Female,56651.0,74,8,Groceries,49,0,382.84,1
CUST1873,32.0,Female,82347.0,22,4,Groceries,24,0,127.64,0
CUST1874,54.0,Female,35986.0,83,10,Sports,56,0,592.94,1
CUST1875,38.0,Female,47572.0,65,6,Fashion,50,0,411.08,1
CUST1876,31.0,Female,58451.0,64,3,Fashion,12,0,397.28,1
CUST1877,19.0,Male,35352.0,71,6,Books,23,1,373.68,1
CUST1878,28.0,Male,57362.0,4,4,Electronics,10,0,0.0,0
CUST1879,,,,65,3,,51,1,365.3,1
CUST1880,56.0,Female,60313.0,15,2,Fashion,50,0,0.0,0
CUST1881,55.0,Female,63460.0,76,3,Sports,16,1,659.49,1
CUST1882,51.0,Male,41097.0,22,5,Electronics,36,0,70.72,0
CUST1883,,,,86,3,,12,1,737.24,1
CUST1884,67.0,Male,54372.0,47,4,Books,26,0,304.31,1
CUST1885,51.0,Female,55234.0,81,3,Groceries,19,0,410.05,1
CUST1886,35.0,Male,79224.0,93,6,Sports,32,1,774.6,1
CUST1887,47.0,Male,68365.0,46,5,Books,41,0,366.44,1
CUST1888,32.0,Female,43328.0,14,5,Books,31,0,115.44,0
CUST1889,44.0,Male,63697.0,50,4,Books,7,1,473.0,1
CUST1890,68.0,Male,67473.0,20,4,Groceries,55,1,363.34,1
CUST1891,51.0,Male,77102.0,50,6,Groceries,28,0,109.34,0
CUST1892,69.0,Female,83708.0,33,4,Groceries,39,0,153.24,0
CUST1893,55.0,Female,44773.0,59,6,Electronics,18,0,292.6,1
CUST1894,50.0,Male,47837.0,43,4,Groceries,5,0,178.13,0
CUST1895,41.0,Female,41136.0,79,5,Groceries,43,1,516.05,1
CUST1896,32.0,Female,56489.0,12,5,Groceries,59,0,159.8,0
CUST1897,47.0,Male,66995.0,40,4,Sports,38,0,217.01,0
CUST1898,59.0,Male,74810.0,20,5,Groceries,47,1,326.1,1
CUST1899,,,,94,3,,40,0,612.46,1
CUST1900,34.0,Male,55202.0,38,4,Books,20,0,170.47,0
CUST1901,,,,3,6,,56,0,0.0,0
CUST1902,,,,28,6,,21,0,276.13,1
CUST1903,21.0,Female,91343.0,56,1,Groceries,41,0,130.93,0
CUST1904,27.0,Female,35885.0,90,3,Books,9,0,455.12,1
CUST1905,34.0,Male,62771.0,94,4,Books,9,0,396.24,1
CUST1906,27.0,Female,90354.0,13,6,Sports,51,0,94.27,0
CUST1907,34.0,Male,60101.0,77,4,Fashion,28,0,442.2,1
CUST1908,37.0,Other,57149.0,66,3,Electronics,15,0,392.76,1
CUST1909,41.0,Female,54638.0,37,14,Books,0,0,287.62,1
CUST1910,22.0,Female,57294.0,49,5,Books,16,0,219.75,0
CUST1911,51.0,Female,80592.0,66,4,Books,29,0,310.98,1
CUST1912,23.0,Male,26822.0,36,5,Books,25,0,232.66,0
CUST1913,19.0,Female,83001.0,54,5,Sports,52,0,358.75,1
CUST1914,30.0,Female,38640.0,26,7,Fashion,45,0,0.0,0
CUST1915,60.0,Female,56000.0,75,7,Books,18,1,606.41,1
CUST1916,60.0,Female,53561.0,72,7,Electronics,52,0,320.48,1
CUST1917,65.0,Female,68828.0,40,2,Electronics,20,1,408.72,1
CUST1918,28.0,Male,36028.0,43,5,Groceries,16,1,379.33,1
CUST1919,68.0,Male,66932.0,22,3,Books,45,0,37.73,0
CUST1920,64.0,Female,90364.0,20,7,Books,39,0,0.0,0
CUST1921,40.0,Male,39552.0,8,2,Books,20,1,224.9,0
CUST1922,33.0,Female,62845.0,29,6,Books,52,0,180.84,0
CUST1923,48.0,Female,50070.0,40,4,Books,40,1,339.7,1
CUST1924,,,,90,8,,39,0,568.98,1
CUST1925,33.0,Male,60287.0,30,5,Fashion,44,0,395.85,1
CUST1926,25.0,Female,50377.0,81,1,Fashion,48,0,446.31,1
CUST1927,21.0,Male,67318.0,84,2,Groceries,18,0,415.88,1
CUST1928,57.0,Female,87065.0,55,3,Electronics,59,0,183.77,0
CUST1929,21.0,Male,57136.0,16,6,Books,6,0,117.01,0
CUST1930,42.0,Female,70796.0,46,8,Fashion,16,1,577.72,1
CUST1931,20.0,Male,40600.0,62,4,Sports,0,1,704.85,1
CUST1932,49.0,Female,45653.0,7,3,Sports,36,0,174.62,0
CUST1933,20.0,Male,67086.0,80,6,Sports,56,1,684.33,1
CUST1934,44.0,Female,82261.0,45,6,Books,5,1,466.02,1
CUST1935,46.0,Male,65334.0,59,8,Books,25,1,390.13,1
CUST1936,49.0,Female,55304.0,56,6,Groceries,1,0,270.03,1
CUST1937,67.0,Female,59989.0,48,6,Groceries,58,1,418.41,1
CUST1938,,,,27,5,,31,0,125.68,0
CUST1939,36.0,Male,69067.0,53,4,Sports,56,0,193.06,0
CUST1940,38.0,Male,73234.0,87,5,Books,47,1,710.79,1
CUST1941,22.0,Female,53218.0,88,5,Sports,53,0,412.61,1
CUST1942,35.0,Female,52949.0,73,6,Groceries,4,0,329.5,1
CUST1943,45.0,Female,63988.0,35,11,Books,36,1,303.4,1
CUST1944,59.0,Male,53449.0,51,8,Electronics,30,0,278.23,1
CUST1945,39.0,Male,59008.0,84,7,Fashion,11,1,769.68,1
CUST1946,38.0,Female,91495.0,37,7,Fashion,34,1,383.98,1
CUST1947,,,,81,4,,29,0,433.17,1
CUST1948,18.0,Other,54624.0,95,8,Sports,47,0,668.53,1
CUST1949,22.0,Male,50286.0,57,6,Electronics,5,1,605.34,1
CUST1950,58.0,Female,71162.0,8,2,Books,14,0,98.77,0
CUST1951,29.0,Male,57281.0,79,4,Sports,14,1,649.57,1
CUST1952,43.0,Male,50259.0,95,0,Groceries,15,1,614.69,1
CUST1953,63.0,Female,79819.0,94,6,Sports,19,0,399.91,1
CUST1954,51.0,Female,81294.0,20,0,Groceries,12,0,114.14,0
CUST1955,66.0,Other,50993.0,53,7,Fashion,43,1,481.68,1
CUST1956,31.0,Male,32001.0,12,9,Fashion,41,0,0.0,0
CUST1957,43.0,Male,75112.0,49,7,Sports,45,0,315.33,1
CUST1958,62.0,Female,49730.0,17,2,Electronics,30,1,257.27,1
CUST1959,44.0,Female,71859.0,64,4,Books,33,1,632.73,1
CUST1960,26.0,Male,30448.0,42,8,Groceries,28,0,204.46,0
CUST1961,43.0,Male,73388.0,94,5,Books,2,0,455.61,1
CUST1962,64.0,Male,41832.0,29,5,Fashion,8,0,51.26,0
CUST1963,39.0,Female,70961.0,19,6,Electronics,10,1,212.21,0
CUST1964,64.0,Male,60214.0,11,2,Electronics,10,1,386.78,1
CUST1965,47.0,Male,45690.0,98,4,Books,24,1,716.9,1
CUST1966,60.0,Male,53894.0,50,7,Fashion,21,0,288.93,1
CUST1967,65.0,Male,70294.0,71,3,Books,41,1,715.06,1
CUST1968,34.0,Male,61588.0,58,6,Sports,57,1,358.24,1
CUST1969,43.0,Female,68766.0,34,2,Electronics,45,0,237.13,0
CUST1970,53.0,Male,89646.0,20,8,Electronics,8,0,0.0,0
CUST1971,18.0,Female,36536.0,50,10,Sports,19,1,406.23,1
CUST1972,25.0,Male,84258.0,88,5,Fashion,58,0,325.49,1
CUST1973,,,,10,4,,20,0,135.86,0
CUST1974,,,,32,4,,9,0,0.0,0
CUST1975,69.0,Female,40045.0,52,8,Groceries,21,0,236.99,0
CUST1976,32.0,Female,57163.0,15,9,Fashion,28,0,0.0,0
CUST1977,64.0,Male,73824.0,84,7,Sports,8,0,334.52,1
CUST1978,39.0,Male,58086.0,3,7,Books,4,1,144.93,0
CUST1979,31.0,Female,82667.0,37,3,Fashion,39,1,516.91,1
CUST1980,43.0,Other,38232.0,40,8,Books,10,1,366.48,1
CUST1981,45.0,Female,59818.0,72,7,Fashion,0,0,532.73,1
CUST1982,40.0,Female,41214.0,40,2,Groceries,52,1,593.66,1
CUST1983,31.0,Female,65454.0,56,5,Sports,41,1,691.37,1
CUST1984,41.0,Male,73303.0,23,7,Groceries,0,0,109.12,0
CUST1985,19.0,Male,53688.0,11,6,Sports,57,0,76.04,0
CUST1986,,,,64,1,,53,0,357.8,1
CUST1987,43.0,Female,62984.0,8,3,Fashion,38,1,203.25,0
CUST1988,31.0,Male,66551.0,93,4,Electronics,59,0,507.44,1
CUST1989,68.0,Female,66064.0,94,4,Electronics,45,1,576.48,1
CUST1990,24.0,Male,78536.0,56,3,Sports,4,0,92.45,0
CUST1991,20.0,Female,43934.0,60,7,Sports,48,0,371.41,1
CUST1992,64.0,Male,70203.0,10,9,Groceries,21,1,215.02,0
CUST1993,40.0,Male,77887.0,39,4,Electronics,25,0,97.33,0
CUST1994,63.0,Female,33321.0,28,3,Groceries,52,0,54.98,0
CUST1995,60.0,Male,64794.0,49,4,Books,5,1,596.51,1
CUST1996,64.0,Female,52437.0,36,4,Electronics,31,1,426.41,1
CUST1997,62.0,Female,58777.0,13,6,Books,47,0,0.0,0
CUST1998,,,,96,3,,10,0,361.3,1
CUST1999,55.0,Male,52691.0,36,10,Groceries,9,0,150.81,0
